,train_acc,Test_acc
Logistic_Heart,0.8729281767955801,0.825503355704698
KNN_Heart,0.9116022099447514,0.7986577181208053
DT_Heart,0.9226519337016574,0.7583892617449665
RF_Heart,0.9281767955801105,0.7785234899328859
