,train_acc,Test_acc
Logistic_IRIS,0.926829268292683,0.9852941176470589
KNN_IRIS,0.9464285714285714,0.9736842105263158
DT_IRIS,0.9642857142857143,0.9210526315789473
RF_IRIS,0.9821428571428571,0.9210526315789473
